Ingame,Price,Rank,Champ,Skin,URL
DAG Diggory,"18,000",Chưa Rank,137,150,https://taikhoanrac.com//tai-khoan-75693.html
Anh Rút 0 Kịp,"18,000",Chưa Rank,148,166,https://taikhoanrac.com//tai-khoan-75690.html
trungnd,"23,000",Chưa Rank,157,221,https://taikhoanrac.com//tai-khoan-75689.html
AHBP.Pluss,"18,000",Chưa Rank,156,155,https://taikhoanrac.com//tai-khoan-75685.html
ˆAnh Út Vũˆ,"18,000",Chưa Rank,161,163,https://taikhoanrac.com//tai-khoan-75672.html
Tiến Senpai,"23,000",Chưa Rank,158,224,https://taikhoanrac.com//tai-khoan-75679.html
SsS Jin Kai XsA,"23,000",Chưa Rank,161,229,https://taikhoanrac.com//tai-khoan-75666.html
i Mập i,"23,000",Chưa Rank,161,232,https://taikhoanrac.com//tai-khoan-75668.html
TuyỂñ Ðâÿ,"18,000",Chưa Rank,161,195,https://taikhoanrac.com//tai-khoan-75670.html
tuankiem0803,"13,000",Chưa Rank,146,62,https://taikhoanrac.com//tai-khoan-75663.html
TràXynh,"18,000",Chưa Rank,156,103,https://taikhoanrac.com//tai-khoan-75665.html
TTQ Bo Bo,"13,000",Chưa Rank,155,84,https://taikhoanrac.com//tai-khoan-75655.html
KoV.VêLer,"23,000",Chưa Rank,161,236,https://taikhoanrac.com//tai-khoan-75650.html
lolita laplanh,"18,000",Chưa Rank,161,192,https://taikhoanrac.com//tai-khoan-75638.html
Su .sUpErbOy. Q4,"18,000",Chưa Rank,160,158,https://taikhoanrac.com//tai-khoan-75641.html
PakaLoLo,"23,000",Chưa Rank,153,202,https://taikhoanrac.com//tai-khoan-75634.html
THP9.LegendarY,"23,000",Chưa Rank,161,200,https://taikhoanrac.com//tai-khoan-75625.html
Ét Phan,"18,000",Chưa Rank,152,132,https://taikhoanrac.com//tai-khoan-75626.html
concat1132,"13,000",Chưa Rank,131,77,https://taikhoanrac.com//tai-khoan-75628.html
Sørry,"23,000",Chưa Rank,161,240,https://taikhoanrac.com//tai-khoan-75621.html
Dexlidie,"23,000",Chưa Rank,156,238,https://taikhoanrac.com//tai-khoan-75622.html
Hà Hoàn Hảo,"23,000",Chưa Rank,145,205,https://taikhoanrac.com//tai-khoan-75615.html
toidaidot012251,"18,000",Chưa Rank,154,177,https://taikhoanrac.com//tai-khoan-75619.html
osk kso,"18,000",Chưa Rank,141,109,https://taikhoanrac.com//tai-khoan-75605.html
78llBoySochllQH,"13,000",Chưa Rank,141,86,https://taikhoanrac.com//tai-khoan-75606.html
Rô Ô Ô,"18,000",Chưa Rank,161,104,https://taikhoanrac.com//tai-khoan-75598.html
Salmi,"18,000",Chưa Rank,133,164,https://taikhoanrac.com//tai-khoan-75602.html
šPhµonGºëTøø,"18,000",Chưa Rank,154,102,https://taikhoanrac.com//tai-khoan-75603.html
PMT__TiTan,"18,000",Chưa Rank,161,188,https://taikhoanrac.com//tai-khoan-75593.html
TBS Kaisher 02,"23,000",Chưa Rank,161,249,https://taikhoanrac.com//tai-khoan-75588.html
gsrhh,"23,000",Chưa Rank,161,233,https://taikhoanrac.com//tai-khoan-75580.html
HieronymusKaiten,"18,000",Chưa Rank,161,145,https://taikhoanrac.com//tai-khoan-75585.html
asdasasasa,"23,000",Chưa Rank,161,228,https://taikhoanrac.com//tai-khoan-75576.html
KH.beat_die,"18,000",Chưa Rank,145,102,https://taikhoanrac.com//tai-khoan-75574.html
Zimmerman,"18,000",Chưa Rank,142,165,https://taikhoanrac.com//tai-khoan-75565.html
The Judge,"23,000",Chưa Rank,161,249,https://taikhoanrac.com//tai-khoan-75566.html
MTR HeroKS,"23,000",Chưa Rank,155,225,https://taikhoanrac.com//tai-khoan-75564.html
ncc_cf_98,"18,000",Chưa Rank,161,142,https://taikhoanrac.com//tai-khoan-75559.html
LF.Joker,"23,000",Chưa Rank,161,211,https://taikhoanrac.com//tai-khoan-75550.html
Hñˆßùm çhïuˆ,"23,000",Chưa Rank,160,227,https://taikhoanrac.com//tai-khoan-75551.html
nhox_keke654,"18,000",Chưa Rank,161,145,https://taikhoanrac.com//tai-khoan-75552.html
ßé ßa Sida ˆˆ,"23,000",Chưa Rank,147,206,https://taikhoanrac.com//tai-khoan-75546.html
ZingMeVip,"18,000",Chưa Rank,161,119,https://taikhoanrac.com//tai-khoan-75547.html
Be Owned,"13,000",Chưa Rank,132,89,https://taikhoanrac.com//tai-khoan-75540.html
Tµng ßäçh,"23,000",Chưa Rank,161,233,https://taikhoanrac.com//tai-khoan-75532.html
luckyboy2244,"18,000",Chưa Rank,141,142,https://taikhoanrac.com//tai-khoan-75528.html
NyuLucy,"18,000",Chưa Rank,149,140,https://taikhoanrac.com//tai-khoan-75529.html
Fang Joker,"18,000",Chưa Rank,157,132,https://taikhoanrac.com//tai-khoan-75525.html
BotYeu,"18,000",Chưa Rank,160,184,https://taikhoanrac.com//tai-khoan-75526.html
Zafkiel,"23,000",Chưa Rank,161,235,https://taikhoanrac.com//tai-khoan-75519.html
CậuBéNhàQuê2,"13,000",Chưa Rank,161,87,https://taikhoanrac.com//tai-khoan-75521.html
Avi.Sora,"18,000",Chưa Rank,148,143,https://taikhoanrac.com//tai-khoan-75517.html
º Bèng º,"23,000",Chưa Rank,161,226,https://taikhoanrac.com//tai-khoan-75507.html
KeoNgotColia,"18,000",Chưa Rank,154,103,https://taikhoanrac.com//tai-khoan-75509.html
Tâm Tủm Tỉmˆ,"23,000",Chưa Rank,161,231,https://taikhoanrac.com//tai-khoan-75510.html
PMĐ Ace 123,"18,000",Chưa Rank,161,117,https://taikhoanrac.com//tai-khoan-75506.html
Lcs3.zinb.GG,"18,000",Chưa Rank,161,104,https://taikhoanrac.com//tai-khoan-75501.html
hat6t6,"18,000",Chưa Rank,150,103,https://taikhoanrac.com//tai-khoan-75502.html
The FunnY CaT,"23,000",Chưa Rank,149,226,https://taikhoanrac.com//tai-khoan-75494.html
DQDKissYou,"18,000",Chưa Rank,158,130,https://taikhoanrac.com//tai-khoan-75489.html
rieview,"18,000",Chưa Rank,134,157,https://taikhoanrac.com//tai-khoan-75482.html
Mít H.ShouldërŠ,"23,000",Chưa Rank,161,200,https://taikhoanrac.com//tai-khoan-75486.html
Mì Ly Omachii,"18,000",Chưa Rank,161,172,https://taikhoanrac.com//tai-khoan-75477.html
AD.furura,"23,000",Chưa Rank,161,202,https://taikhoanrac.com//tai-khoan-75470.html
Trec,"23,000",Chưa Rank,158,236,https://taikhoanrac.com//tai-khoan-75468.html
SAU TAT CA,"18,000",Chưa Rank,159,176,https://taikhoanrac.com//tai-khoan-75465.html
HảiCẩuCon,"23,000",Chưa Rank,161,247,https://taikhoanrac.com//tai-khoan-75459.html
skt.t1_mt.SymBol,"13,000",Chưa Rank,131,78,https://taikhoanrac.com//tai-khoan-75460.html
xXx.AnDoan.xXx,"13,000",Chưa Rank,143,98,https://taikhoanrac.com//tai-khoan-75456.html
Rong_sanh_bg,"18,000",Chưa Rank,159,133,https://taikhoanrac.com//tai-khoan-75447.html
TNF.Rio,"13,000",Chưa Rank,144,81,https://taikhoanrac.com//tai-khoan-75448.html
Hi Im Ngọc Ú,"23,000",Chưa Rank,158,217,https://taikhoanrac.com//tai-khoan-75442.html
ALS. Mata,"18,000",Chưa Rank,153,109,https://taikhoanrac.com//tai-khoan-75443.html
Kiều Đô,"18,000",Chưa Rank,161,141,https://taikhoanrac.com//tai-khoan-75444.html
Kingbob225,"23,000",Chưa Rank,161,231,https://taikhoanrac.com//tai-khoan-75445.html
BOYSAKER007,"23,000",Chưa Rank,161,239,https://taikhoanrac.com//tai-khoan-75440.html
Bóng Lộn,"18,000",Chưa Rank,131,166,https://taikhoanrac.com//tai-khoan-75432.html
BUI Death,"23,000",Chưa Rank,161,202,https://taikhoanrac.com//tai-khoan-75434.html
MQT.SoáiCa,"18,000",Chưa Rank,158,117,https://taikhoanrac.com//tai-khoan-75435.html
Back Bom 154,"23,000",Chưa Rank,161,212,https://taikhoanrac.com//tai-khoan-75426.html
123man123,"13,000",Chưa Rank,150,95,https://taikhoanrac.com//tai-khoan-75420.html
Best Pisces.Tú,"18,000",Chưa Rank,159,173,https://taikhoanrac.com//tai-khoan-75413.html
Bếu Bé Bỏng,"13,000",Chưa Rank,148,99,https://taikhoanrac.com//tai-khoan-75410.html
waopro3,"18,000",Chưa Rank,159,163,https://taikhoanrac.com//tai-khoan-75405.html
ˆˆBật Mã Ôn,"18,000",Chưa Rank,161,134,https://taikhoanrac.com//tai-khoan-75403.html
BeBuEXO,"18,000",Chưa Rank,150,197,https://taikhoanrac.com//tai-khoan-75398.html
White Oh Šoobiz,"13,000",Chưa Rank,143,97,https://taikhoanrac.com//tai-khoan-75388.html
Rau Lang Luộc,"18,000",Chưa Rank,161,177,https://taikhoanrac.com//tai-khoan-75380.html
Chủ Tiệm Trà Đào,"24,000",Bạc IV,139,203,https://taikhoanrac.com//tai-khoan-75383.html
Omah ZiO,"19,000",Bạc IV,151,176,https://taikhoanrac.com//tai-khoan-75377.html
LMHT_2015_beo,"18,000",Chưa Rank,161,194,https://taikhoanrac.com//tai-khoan-75378.html
NhoLaTao,"13,000",Chưa Rank,144,69,https://taikhoanrac.com//tai-khoan-75370.html
Megatitan1,"18,000",Chưa Rank,161,192,https://taikhoanrac.com//tai-khoan-75371.html
tinehalo,"19,000",Bạc IV,161,183,https://taikhoanrac.com//tai-khoan-75363.html
0 póe oiii,"18,000",Chưa Rank,161,173,https://taikhoanrac.com//tai-khoan-75357.html
BFF M Trọng,"19,000",Bạc IV,153,176,https://taikhoanrac.com//tai-khoan-75358.html
BOSS2952002,"19,000",Bạc IV,161,158,https://taikhoanrac.com//tai-khoan-75356.html
3 Chai Em Bay,"24,000",Bạc IV,161,221,https://taikhoanrac.com//tai-khoan-75347.html
my dream 11,"19,000",Bạc IV,152,190,https://taikhoanrac.com//tai-khoan-75349.html
LegendBS,"19,000",Bạc IV,134,128,https://taikhoanrac.com//tai-khoan-75344.html
NoobKT Nhân,"24,000",Bạc IV,161,223,https://taikhoanrac.com//tai-khoan-75334.html
danh hay de lam,"19,000",Bạc IV,143,142,https://taikhoanrac.com//tai-khoan-75335.html
Łuânn,"19,000",Bạc IV,161,198,https://taikhoanrac.com//tai-khoan-75336.html
Tổng Giám Đốc,"19,000",Bạc IV,145,176,https://taikhoanrac.com//tai-khoan-75329.html
00RayLeigh00,"19,000",Bạc IV,161,115,https://taikhoanrac.com//tai-khoan-75332.html
Tobirama,"14,000",Bạc IV,143,80,https://taikhoanrac.com//tai-khoan-75326.html
TBTLoys,"19,000",Bạc IV,136,100,https://taikhoanrac.com//tai-khoan-75328.html
Tớ Cũng Hận Cậuu,"24,000",Bạc IV,156,221,https://taikhoanrac.com//tai-khoan-75320.html
GoldenDream IV,"19,000",Bạc IV,145,170,https://taikhoanrac.com//tai-khoan-75321.html
Young Bin,"19,000",Bạc IV,161,187,https://taikhoanrac.com//tai-khoan-75310.html
P M H,"19,000",Bạc IV,138,151,https://taikhoanrac.com//tai-khoan-75313.html
taolataokt,"19,000",Bạc IV,155,179,https://taikhoanrac.com//tai-khoan-75303.html
euzo25888,"24,000",Bạc III,161,224,https://taikhoanrac.com//tai-khoan-75304.html
1anh gank k lo,"19,000",Bạc IV,139,102,https://taikhoanrac.com//tai-khoan-75305.html
PTV TừVinh,"19,000",Bạc III,136,120,https://taikhoanrac.com//tai-khoan-75296.html
Th1ch Ðẩy xô,"14,000",Bạc IV,161,95,https://taikhoanrac.com//tai-khoan-75298.html
ChimCửngTựNgủ,"24,000",Bạc IV,160,218,https://taikhoanrac.com//tai-khoan-75290.html
Ogr3.Magi,"24,000",Bạc III,161,242,https://taikhoanrac.com//tai-khoan-75291.html
SPKT.Lucy,"19,000",Bạc IV,161,133,https://taikhoanrac.com//tai-khoan-75292.html
A Xe Lôi,"19,000",Bạc IV,161,140,https://taikhoanrac.com//tai-khoan-75288.html
chimjkanh1102,"19,000",Bạc IV,161,143,https://taikhoanrac.com//tai-khoan-75289.html
kiu97vp,"19,000",Bạc IV,161,161,https://taikhoanrac.com//tai-khoan-75283.html
Dr Fiinn,"19,000",Bạc IV,161,192,https://taikhoanrac.com//tai-khoan-75286.html
I am Burly,"19,000",Bạc IV,161,144,https://taikhoanrac.com//tai-khoan-75280.html
Lão Hạc Đi Nhậu,"24,000",Bạc III,161,210,https://taikhoanrac.com//tai-khoan-75282.html
Neil nguyÊn,"19,000",Bạc IV,159,141,https://taikhoanrac.com//tai-khoan-75276.html
DSL12,"19,000",Bạc IV,161,160,https://taikhoanrac.com//tai-khoan-75273.html
CSGodStaff,"24,000",Bạc III,158,204,https://taikhoanrac.com//tai-khoan-75265.html
Bin Louis,"19,000",Bạc III,161,143,https://taikhoanrac.com//tai-khoan-75266.html
Js Hawkeye,"24,000",Bạc III,161,229,https://taikhoanrac.com//tai-khoan-75268.html
BestLandd,"19,000",Bạc III,161,181,https://taikhoanrac.com//tai-khoan-75263.html
ZzKeGietThuezZ,"19,000",Bạc III,161,176,https://taikhoanrac.com//tai-khoan-75258.html
Nade T,"19,000",Bạc III,157,185,https://taikhoanrac.com//tai-khoan-75260.html
thiên phú 1,"19,000",Bạc III,147,179,https://taikhoanrac.com//tai-khoan-75252.html
love_Vym,"19,000",Bạc III,135,119,https://taikhoanrac.com//tai-khoan-75253.html
gema000,"19,000",Bạc III,140,147,https://taikhoanrac.com//tai-khoan-75249.html
iGaRung,"19,000",Bạc III,161,165,https://taikhoanrac.com//tai-khoan-75251.html
Năm Nay Đi Nhật,"19,000",Bạc III,161,151,https://taikhoanrac.com//tai-khoan-75248.html
hammer3,"19,000",Bạc III,161,123,https://taikhoanrac.com//tai-khoan-75240.html
hoacasio1102,"19,000",Bạc III,144,195,https://taikhoanrac.com//tai-khoan-75242.html
ITZY Lia,"19,000",Bạc III,161,171,https://taikhoanrac.com//tai-khoan-75245.html
Kẻ Đánh Thuê,"24,000",Bạc III,159,221,https://taikhoanrac.com//tai-khoan-75236.html
HUYEN_THOAI_SOM,"19,000",Bạc III,160,106,https://taikhoanrac.com//tai-khoan-75238.html
Cafê_Buồn,"24,000",Bạc III,161,232,https://taikhoanrac.com//tai-khoan-75234.html
Un No Ko,"19,000",Bạc III,137,105,https://taikhoanrac.com//tai-khoan-75230.html
kktedoz,"19,000",Bạc III,152,137,https://taikhoanrac.com//tai-khoan-75225.html
OceanNet,"14,000",Bạc II,144,73,https://taikhoanrac.com//tai-khoan-75226.html
Gấu Ngáo,"24,000",Bạc II,161,227,https://taikhoanrac.com//tai-khoan-75216.html
siêuphämks,"19,000",Bạc III,146,159,https://taikhoanrac.com//tai-khoan-75217.html
ThichSoTi0410,"24,000",Bạc III,161,200,https://taikhoanrac.com//tai-khoan-75218.html
cauchu_devil,"19,000",Bạc II,161,199,https://taikhoanrac.com//tai-khoan-75211.html
Hi am Kenprox,"19,000",Bạc III,152,110,https://taikhoanrac.com//tai-khoan-75212.html
Ossia 2k1,"24,000",Bạc II,161,220,https://taikhoanrac.com//tai-khoan-75214.html
Mùa Hoa Không Nở,"24,000",Bạc II,161,238,https://taikhoanrac.com//tai-khoan-75208.html
Háng Vươngg 69,"19,000",Bạc II,161,196,https://taikhoanrac.com//tai-khoan-75210.html
Ñt2ˆˆđąt,"19,000",Bạc II,160,191,https://taikhoanrac.com//tai-khoan-75204.html
MarDươnBịLiệt,"19,000",Bạc II,161,158,https://taikhoanrac.com//tai-khoan-75205.html
Lên Thąch Cân 3,"24,000",Bạc II,142,203,https://taikhoanrac.com//tai-khoan-75206.html
thànhasdafsdg,"19,000",Bạc II,161,134,https://taikhoanrac.com//tai-khoan-75200.html
06 10 1997ˆˆ,"19,000",Bạc II,161,192,https://taikhoanrac.com//tai-khoan-75201.html
zZeroXx,"24,000",Bạc II,161,213,https://taikhoanrac.com//tai-khoan-75202.html
ŁOD Khắc Hải,"24,000",Bạc II,161,228,https://taikhoanrac.com//tai-khoan-75197.html
luankhue,"14,000",Bạc II,149,58,https://taikhoanrac.com//tai-khoan-75185.html
Str.Black,"19,000",Bạc II,154,130,https://taikhoanrac.com//tai-khoan-75189.html
ryu_BKToooo,"14,000",Bạc II,145,77,https://taikhoanrac.com//tai-khoan-75191.html
trongbcs2,"24,000",Bạc II,161,217,https://taikhoanrac.com//tai-khoan-75182.html
dinhcut,"24,000",Bạc II,161,228,https://taikhoanrac.com//tai-khoan-75179.html
Chi Hun v Nguyen,"19,000",Bạc II,148,135,https://taikhoanrac.com//tai-khoan-75180.html
hiaus2k4,"19,000",Bạc II,154,172,https://taikhoanrac.com//tai-khoan-75175.html
nobita 1hit,"19,000",Bạc II,160,154,https://taikhoanrac.com//tai-khoan-75176.html
Lee De Gil,"19,000",Bạc II,161,155,https://taikhoanrac.com//tai-khoan-75177.html
SepTemBer 2th 01,"24,000",Bạc II,161,225,https://taikhoanrac.com//tai-khoan-75171.html
Hephawstus,"19,000",Bạc II,161,166,https://taikhoanrac.com//tai-khoan-75164.html
VuốtVuốt.Ÿêu,"19,000",Bạc II,157,134,https://taikhoanrac.com//tai-khoan-75161.html
JBT_khanh,"24,000",Bạc II,161,211,https://taikhoanrac.com//tai-khoan-75162.html
Họa Mi Vô Lễ,"19,000",Bạc II,161,103,https://taikhoanrac.com//tai-khoan-75163.html
ˇŠöŠˇPhởˇ,"19,000",Bạc II,161,156,https://taikhoanrac.com//tai-khoan-75159.html
Cô Giáo Thảø,"19,000",Bạc II,140,111,https://taikhoanrac.com//tai-khoan-75160.html
TháiHảiKhanh,"19,000",Bạc II,161,157,https://taikhoanrac.com//tai-khoan-75150.html
Denny_Vu,"24,000",Bạc I,161,225,https://taikhoanrac.com//tai-khoan-75152.html
ˆˇ TaØ ˇˆ,"24,000",Bạc I,161,225,https://taikhoanrac.com//tai-khoan-75146.html
WTF.Jonker,"14,000",Bạc I,138,95,https://taikhoanrac.com//tai-khoan-75142.html
Pentanol,"19,000",Bạc II,161,128,https://taikhoanrac.com//tai-khoan-75143.html
VTA Deft,"24,000",Bạc II,161,245,https://taikhoanrac.com//tai-khoan-75139.html
echkhi,"19,000",Bạc I,161,115,https://taikhoanrac.com//tai-khoan-75136.html
Mì_ÃN_lIềN,"24,000",Bạc I,161,231,https://taikhoanrac.com//tai-khoan-75137.html
Bất.Tử.Yabai,"19,000",Bạc I,161,175,https://taikhoanrac.com//tai-khoan-75133.html
ftygh,"19,000",Bạc I,141,152,https://taikhoanrac.com//tai-khoan-75134.html
LoRd Duy V,"24,000",Bạc I,151,200,https://taikhoanrac.com//tai-khoan-75135.html
quangvip16,"19,000",Bạc I,132,160,https://taikhoanrac.com//tai-khoan-75130.html
NvV_ẻNgG,"19,000",Bạc I,161,115,https://taikhoanrac.com//tai-khoan-75132.html
Gươm See Tình,"19,000",Bạc I,133,181,https://taikhoanrac.com//tai-khoan-75127.html
trai minh nga,"14,000",Bạc I,133,82,https://taikhoanrac.com//tai-khoan-75124.html
STORM Paimon,"19,000",Bạc I,161,181,https://taikhoanrac.com//tai-khoan-75118.html
ty79,"19,000",Bạc I,158,185,https://taikhoanrac.com//tai-khoan-75119.html
ACE.Ares_1st,"24,000",Bạc I,161,218,https://taikhoanrac.com//tai-khoan-75114.html
Thích Móc Kua,"19,000",Bạc I,161,196,https://taikhoanrac.com//tai-khoan-75115.html
BFF.Anh Minh,"14,000",Bạc I,161,84,https://taikhoanrac.com//tai-khoan-75116.html
Thích Hôn Bờ Má,"24,000",Bạc I,161,241,https://taikhoanrac.com//tai-khoan-75110.html
Devil_Vip_9x,"19,000",Bạc I,139,133,https://taikhoanrac.com//tai-khoan-75103.html
BăoBèi Ngủ Ngon,"19,000",Bạc I,139,191,https://taikhoanrac.com//tai-khoan-75104.html
HT 03 05 20,"24,000",Bạc I,161,210,https://taikhoanrac.com//tai-khoan-75105.html
LV.Cavalli Chen,"24,000",Bạc I,161,224,https://taikhoanrac.com//tai-khoan-75106.html
HungBaDaiGia,"24,000",Bạc I,161,204,https://taikhoanrac.com//tai-khoan-75100.html
FFQ Hegemony,"19,000",Bạc I,161,144,https://taikhoanrac.com//tai-khoan-75094.html
37 Haven in Rain,"19,000",Bạc I,160,193,https://taikhoanrac.com//tai-khoan-75095.html
Jaden K nè,"19,000",Bạc I,159,190,https://taikhoanrac.com//tai-khoan-75096.html
LongTieu007,"24,000",Bạc I,161,246,https://taikhoanrac.com//tai-khoan-75091.html
Lọ Lem Đập Đá,"19,000",Bạc I,157,183,https://taikhoanrac.com//tai-khoan-75092.html
BiCòi ĐẹpŽai,"19,000",Bạc I,160,195,https://taikhoanrac.com//tai-khoan-75082.html
ˆˆßâuˆˆ,"30,000",Bạch Kim IV,136,107,https://taikhoanrac.com//tai-khoan-75079.html
TOP shadow,"30,000",Bạch Kim IV,161,140,https://taikhoanrac.com//tai-khoan-75080.html
SONCODON_38,"19,000",Bạc I,161,154,https://taikhoanrac.com//tai-khoan-75077.html
MFA Nizz,"30,000",Bạch Kim IV,156,161,https://taikhoanrac.com//tai-khoan-75067.html
Brd ŠylaŠ Bé0,"30,000",Bạch Kim IV,139,128,https://taikhoanrac.com//tai-khoan-75068.html
Sơn Siêu Sang,"30,000",Bạch Kim IV,161,111,https://taikhoanrac.com//tai-khoan-75064.html
I am Tenky,"30,000",Bạch Kim IV,161,182,https://taikhoanrac.com//tai-khoan-75053.html
HuyGjaHuy,"25,000",Bạch Kim IV,160,96,https://taikhoanrac.com//tai-khoan-75037.html
Ceptted,"30,000",Bạch Kim IV,157,136,https://taikhoanrac.com//tai-khoan-75035.html
Phöng Dëstinÿ,"30,000",Bạch Kim IV,161,181,https://taikhoanrac.com//tai-khoan-75031.html
superboy125,"30,000",Bạch Kim III,159,120,https://taikhoanrac.com//tai-khoan-75029.html
49G1 Liên Đầm,"30,000",Bạch Kim IV,161,131,https://taikhoanrac.com//tai-khoan-75030.html
Tài pro lmht,"30,000",Bạch Kim III,136,101,https://taikhoanrac.com//tai-khoan-75027.html
ˆÇăng Çủ Çọtˆ,"30,000",Bạch Kim III,155,167,https://taikhoanrac.com//tai-khoan-75016.html
BOF ZeroTwo,"30,000",Bạch Kim III,141,152,https://taikhoanrac.com//tai-khoan-75018.html
fko,"30,000",Bạch Kim III,161,135,https://taikhoanrac.com//tai-khoan-75009.html
500 000 VND,"28,000",Vàng IV,161,235,https://taikhoanrac.com//tai-khoan-74977.html
Hakovui,"13,000",Chưa Rank,132,67,https://taikhoanrac.com//tai-khoan-74976.html
ai chim me,"13,000",Chưa Rank,131,84,https://taikhoanrac.com//tai-khoan-74973.html
PháGame Scales,"18,000",Chưa Rank,155,131,https://taikhoanrac.com//tai-khoan-74960.html
HLG.GG,"23,000",Vàng IV,161,182,https://taikhoanrac.com//tai-khoan-74947.html
ACM PhùngŠŠ,"18,000",Vàng IV,153,90,https://taikhoanrac.com//tai-khoan-74948.html
NYC TOTTi,"28,000",Vàng IV,159,227,https://taikhoanrac.com//tai-khoan-74949.html
King of Cool,"23,000",Vàng IV,131,108,https://taikhoanrac.com//tai-khoan-74950.html
Vẩu ˆ ˆ,"28,000",Vàng IV,161,246,https://taikhoanrac.com//tai-khoan-74944.html
Vì sao Em khóc,"23,000",Vàng IV,161,177,https://taikhoanrac.com//tai-khoan-74945.html
MVP Çậu ấm,"28,000",Vàng IV,161,201,https://taikhoanrac.com//tai-khoan-74940.html
Gød Štäff Jåx,"23,000",Vàng IV,139,197,https://taikhoanrac.com//tai-khoan-74941.html
Princess ArieLL,"23,000",Vàng IV,161,162,https://taikhoanrac.com//tai-khoan-74931.html
šPhµonGºMëïKøº,"23,000",Vàng IV,155,147,https://taikhoanrac.com//tai-khoan-74933.html
YBS.Đánh Lửa,"28,000",Vàng IV,158,237,https://taikhoanrac.com//tai-khoan-74927.html
TŠP _ZoRo_,"28,000",Vàng IV,161,249,https://taikhoanrac.com//tai-khoan-74928.html
TTLee,"28,000",Vàng IV,161,234,https://taikhoanrac.com//tai-khoan-74929.html
Tân_Tèo_BK,"18,000",Vàng IV,160,91,https://taikhoanrac.com//tai-khoan-74920.html
ladykiller win,"23,000",Vàng IV,138,117,https://taikhoanrac.com//tai-khoan-74916.html
Boy Họ Hoàng,"28,000",Vàng IV,161,203,https://taikhoanrac.com//tai-khoan-74917.html
MẠNH QUÂN 96,"23,000",Vàng IV,160,121,https://taikhoanrac.com//tai-khoan-74918.html
ˆMÿ Xäøˇ,"23,000",Vàng IV,157,131,https://taikhoanrac.com//tai-khoan-74919.html
Sky Šøøßîn,"23,000",Vàng IV,134,191,https://taikhoanrac.com//tai-khoan-74913.html
JoceLyn K,"23,000",Vàng IV,161,184,https://taikhoanrac.com//tai-khoan-74915.html
Mlem Tiểu Hoa,"28,000",Vàng IV,135,241,https://taikhoanrac.com//tai-khoan-74908.html
Đức Phiêu,"23,000",Vàng IV,161,137,https://taikhoanrac.com//tai-khoan-74909.html
HwimeSama,"23,000",Vàng IV,152,143,https://taikhoanrac.com//tai-khoan-74903.html
Dark Vampire,"23,000",Vàng IV,155,190,https://taikhoanrac.com//tai-khoan-74904.html
Thánh Dóng,"23,000",Vàng IV,132,123,https://taikhoanrac.com//tai-khoan-74900.html
himuru,"23,000",Vàng IV,161,172,https://taikhoanrac.com//tai-khoan-74901.html
hieuvipdakia,"23,000",Vàng IV,148,176,https://taikhoanrac.com//tai-khoan-74897.html
Anhh Nong Dan,"23,000",Vàng IV,161,198,https://taikhoanrac.com//tai-khoan-74898.html
Chu Ngọc Minh,"23,000",Vàng IV,158,153,https://taikhoanrac.com//tai-khoan-74892.html
Best Ks Vk Bạn,"28,000",Vàng IV,158,211,https://taikhoanrac.com//tai-khoan-74893.html
iDo Của Bạn,"23,000",Vàng IV,161,164,https://taikhoanrac.com//tai-khoan-74894.html
NouGE.Ammageddon,"28,000",Vàng IV,161,246,https://taikhoanrac.com//tai-khoan-74887.html
DrakinnBlade,"28,000",Vàng IV,161,248,https://taikhoanrac.com//tai-khoan-74888.html
Hi im TĐL,"23,000",Vàng IV,154,189,https://taikhoanrac.com//tai-khoan-74890.html
ThịHưng BadBoy,"23,000",Vàng IV,141,123,https://taikhoanrac.com//tai-khoan-74891.html
c0nvjtcon,"28,000",Vàng IV,160,217,https://taikhoanrac.com//tai-khoan-74884.html
BºG Hề Chúa,"18,000",Vàng IV,141,88,https://taikhoanrac.com//tai-khoan-74885.html
Princess NT Tiên,"18,000",Vàng IV,145,83,https://taikhoanrac.com//tai-khoan-74886.html
WuFuJiaLing,"28,000",Vàng IV,145,213,https://taikhoanrac.com//tai-khoan-74881.html
CáoYTế,"23,000",Vàng IV,154,184,https://taikhoanrac.com//tai-khoan-74879.html
VinhPhatnek,"23,000",Vàng IV,150,170,https://taikhoanrac.com//tai-khoan-74876.html
ˆEvil,"28,000",Vàng IV,156,202,https://taikhoanrac.com//tai-khoan-74867.html
XuânxTrường,"23,000",Vàng III,135,154,https://taikhoanrac.com//tai-khoan-74866.html
Only Meˆˆ,"28,000",Vàng IV,149,215,https://taikhoanrac.com//tai-khoan-74865.html
MasTer Fix155,"23,000",Vàng III,145,106,https://taikhoanrac.com//tai-khoan-74860.html
No Mina No liƒe,"28,000",Vàng III,161,201,https://taikhoanrac.com//tai-khoan-74857.html
Hai Củ Lạc 88,"23,000",Vàng III,153,155,https://taikhoanrac.com//tai-khoan-74859.html
master Ygan,"28,000",Vàng III,161,205,https://taikhoanrac.com//tai-khoan-74855.html
anhphuocprocf64,"23,000",Vàng IV,159,142,https://taikhoanrac.com//tai-khoan-74856.html
Shinkî,"23,000",Vàng III,155,151,https://taikhoanrac.com//tai-khoan-74850.html
khailC123456,"23,000",Vàng IV,137,118,https://taikhoanrac.com//tai-khoan-74851.html
GAW Bevis,"23,000",Vàng III,160,177,https://taikhoanrac.com//tai-khoan-74846.html
Con ma tình dục,"23,000",Vàng III,144,140,https://taikhoanrac.com//tai-khoan-74848.html
WAC.NgọcXuKa.GA,"28,000",Vàng III,161,221,https://taikhoanrac.com//tai-khoan-74843.html
MitDz1,"18,000",Vàng III,159,89,https://taikhoanrac.com//tai-khoan-74844.html
lào mọi,"23,000",Vàng III,138,117,https://taikhoanrac.com//tai-khoan-74842.html
ˆBíchˆ TiểuThư,"23,000",Vàng III,131,136,https://taikhoanrac.com//tai-khoan-74837.html
Lệnh Hồ Xug,"28,000",Vàng III,161,224,https://taikhoanrac.com//tai-khoan-74835.html
FML Šky OggŸ,"28,000",Vàng III,161,209,https://taikhoanrac.com//tai-khoan-74836.html
ÔngGià Noell,"23,000",Vàng III,146,170,https://taikhoanrac.com//tai-khoan-74832.html
Mèo Khát Máu,"23,000",Vàng III,160,121,https://taikhoanrac.com//tai-khoan-74826.html
i prohahah,"23,000",Vàng III,161,160,https://taikhoanrac.com//tai-khoan-74827.html
thiên sứ n01,"28,000",Vàng III,160,249,https://taikhoanrac.com//tai-khoan-74822.html
Shup Up 111,"23,000",Vàng III,144,139,https://taikhoanrac.com//tai-khoan-74823.html
75k1 Văn Lâm,"23,000",Vàng III,149,163,https://taikhoanrac.com//tai-khoan-74824.html
Çùî þäp,"28,000",Vàng III,161,219,https://taikhoanrac.com//tai-khoan-74818.html
Shinju131,"23,000",Vàng III,161,141,https://taikhoanrac.com//tai-khoan-74819.html
Tuđzvipro001,"23,000",Vàng III,141,105,https://taikhoanrac.com//tai-khoan-74820.html
Akatsuki.ZOro,"23,000",Vàng III,136,103,https://taikhoanrac.com//tai-khoan-74809.html
QuốcAnh Dietrich,"28,000",Vàng II,160,242,https://taikhoanrac.com//tai-khoan-74805.html
Nåm Šøciu,"23,000",Vàng III,161,164,https://taikhoanrac.com//tai-khoan-74807.html
wyy zuong 2k6,"23,000",Vàng II,134,131,https://taikhoanrac.com//tai-khoan-74801.html
Mr.Tủn21,"28,000",Vàng II,160,239,https://taikhoanrac.com//tai-khoan-74795.html
DN ĐạtTire,"23,000",Vàng II,142,145,https://taikhoanrac.com//tai-khoan-74794.html
Man in Gøød,"28,000",Vàng II,161,223,https://taikhoanrac.com//tai-khoan-74791.html
AmazakI,"23,000",Vàng II,161,141,https://taikhoanrac.com//tai-khoan-74784.html
OAG BeNonn,"28,000",Vàng II,161,210,https://taikhoanrac.com//tai-khoan-74786.html
269 Minˆšˆ,"28,000",Vàng II,161,222,https://taikhoanrac.com//tai-khoan-74787.html
NH Khánh Huyền,"23,000",Vàng II,133,109,https://taikhoanrac.com//tai-khoan-74780.html
D.St,"23,000",Vàng II,158,186,https://taikhoanrac.com//tai-khoan-74781.html
G o D BảyGà,"28,000",Vàng II,161,217,https://taikhoanrac.com//tai-khoan-74779.html
danxep999,"28,000",Vàng II,161,217,https://taikhoanrac.com//tai-khoan-74772.html
ˆPhú Làm Hếtˆ,"23,000",Vàng II,161,196,https://taikhoanrac.com//tai-khoan-74773.html
Quay Đầu Là Đảo,"28,000",Vàng II,161,230,https://taikhoanrac.com//tai-khoan-74774.html
BFF.Phế_Lòi,"23,000",Vàng II,161,133,https://taikhoanrac.com//tai-khoan-74775.html
TAS Fantastic,"28,000",Vàng II,161,237,https://taikhoanrac.com//tai-khoan-74770.html
YOF ˆEffortsˆ,"23,000",Vàng II,160,194,https://taikhoanrac.com//tai-khoan-74771.html
24 11 01,"23,000",Vàng II,161,169,https://taikhoanrac.com//tai-khoan-74769.html
K R A B,"23,000",Vàng II,141,191,https://taikhoanrac.com//tai-khoan-74762.html
KTS DNeo,"23,000",Vàng II,161,177,https://taikhoanrac.com//tai-khoan-74764.html
ÁnTửTrúngTimEm,"28,000",Vàng II,161,210,https://taikhoanrac.com//tai-khoan-74765.html
Sennaking,"28,000",Vàng II,161,205,https://taikhoanrac.com//tai-khoan-74757.html
GoE.Pirates,"23,000",Vàng I,159,196,https://taikhoanrac.com//tai-khoan-74761.html
Lee min Jinx,"23,000",Vàng I,159,193,https://taikhoanrac.com//tai-khoan-74756.html
ŠPNT Cái Cùi,"28,000",Vàng I,148,208,https://taikhoanrac.com//tai-khoan-74752.html
ForeverBum1,"23,000",Vàng I,160,159,https://taikhoanrac.com//tai-khoan-74754.html
Ultimate Suit,"23,000",Vàng II,145,112,https://taikhoanrac.com//tai-khoan-74746.html
Boy of August,"23,000",Vàng I,155,165,https://taikhoanrac.com//tai-khoan-74747.html
Lionel 10,"23,000",Vàng I,161,128,https://taikhoanrac.com//tai-khoan-74743.html
Miyamizu,"23,000",Vàng I,160,187,https://taikhoanrac.com//tai-khoan-74745.html
Darius Máy 2,"23,000",Vàng I,161,163,https://taikhoanrac.com//tai-khoan-74737.html
Thăm Ńgàn,"23,000",Vàng I,159,156,https://taikhoanrac.com//tai-khoan-74739.html
JAG Renny,"28,000",Vàng I,161,203,https://taikhoanrac.com//tai-khoan-74734.html
Đứng ỉa Vẫn Thúi,"28,000",Vàng I,161,216,https://taikhoanrac.com//tai-khoan-74736.html
Ðụ Liên Tiếp,"28,000",Vàng I,148,227,https://taikhoanrac.com//tai-khoan-74729.html
HP Park Jihyo,"28,000",Vàng I,161,205,https://taikhoanrac.com//tai-khoan-74724.html
Định Lý Hàm Cos,"28,000",Vàng I,161,237,https://taikhoanrac.com//tai-khoan-74725.html
Dukë,"23,000",Vàng I,147,139,https://taikhoanrac.com//tai-khoan-74718.html
ˆ Cà Rốt ˆ,"28,000",Vàng I,161,241,https://taikhoanrac.com//tai-khoan-74720.html
Çüc ßôt Ñhö,"23,000",Vàng I,144,182,https://taikhoanrac.com//tai-khoan-74723.html
k0emXa,"28,000",Vàng I,161,249,https://taikhoanrac.com//tai-khoan-74714.html
yutook,"18,000",Vàng I,156,94,https://taikhoanrac.com//tai-khoan-74713.html
gfcjd,"18,000",Đồng IV,154,152,https://taikhoanrac.com//tai-khoan-74689.html
VũThiệnChiến,"13,000",Đồng III,144,79,https://taikhoanrac.com//tai-khoan-74682.html
dung chichem nhe,"18,000",Đồng III,151,173,https://taikhoanrac.com//tai-khoan-74674.html
bigkenlee,"13,000",Đồng IV,148,80,https://taikhoanrac.com//tai-khoan-74675.html
Šoul 3D Thái,"18,000",Đồng IV,161,193,https://taikhoanrac.com//tai-khoan-74676.html
Hải Dương k2,"18,000",Đồng IV,161,138,https://taikhoanrac.com//tai-khoan-74671.html
phúctlb2909,"23,000",Đồng IV,161,201,https://taikhoanrac.com//tai-khoan-74666.html
trungropas,"18,000",Đồng III,152,191,https://taikhoanrac.com//tai-khoan-74651.html
R A I N. Thành,"18,000",Đồng III,160,120,https://taikhoanrac.com//tai-khoan-74656.html
T h e s h,"23,000",Đồng III,161,234,https://taikhoanrac.com//tai-khoan-74649.html
TUANBOSS98,"18,000",Đồng III,161,132,https://taikhoanrac.com//tai-khoan-74646.html
SgK_plasma,"18,000",Đồng III,150,100,https://taikhoanrac.com//tai-khoan-74645.html
B2 PĐL P LPhó,"18,000",Đồng II,161,196,https://taikhoanrac.com//tai-khoan-74638.html
ˆ ßEÑ ˆ,"18,000",Đồng II,161,159,https://taikhoanrac.com//tai-khoan-74639.html
Ghost Voldigoad,"18,000",Đồng II,145,174,https://taikhoanrac.com//tai-khoan-74634.html
Shenrock,"18,000",Đồng II,144,146,https://taikhoanrac.com//tai-khoan-74629.html
hoangls997,"18,000",Đồng II,161,171,https://taikhoanrac.com//tai-khoan-74626.html
kaiju 09,"18,000",Đồng II,161,161,https://taikhoanrac.com//tai-khoan-74628.html
RKG Šting iŠ,"18,000",Đồng II,161,132,https://taikhoanrac.com//tai-khoan-74624.html
TFT Top8 1HP,"23,000",Đồng I,161,204,https://taikhoanrac.com//tai-khoan-74613.html
TrâuTuổiTý,"23,000",Đồng II,161,224,https://taikhoanrac.com//tai-khoan-74615.html
ý chú sao,"23,000",Đồng II,161,206,https://taikhoanrac.com//tai-khoan-74617.html
ºˆöˆºTøPˆˆVn,"18,000",Đồng I,160,156,https://taikhoanrac.com//tai-khoan-74608.html
Eddle,"18,000",Đồng I,148,178,https://taikhoanrac.com//tai-khoan-74609.html
Šku TriStateš,"18,000",Đồng II,161,130,https://taikhoanrac.com//tai-khoan-74610.html
toiyeuai01,"13,000",Đồng I,136,76,https://taikhoanrac.com//tai-khoan-74599.html
SKT_T1_SĂN,"23,000",Đồng I,159,210,https://taikhoanrac.com//tai-khoan-74600.html
phuongdaigai,"18,000",Đồng I,138,152,https://taikhoanrac.com//tai-khoan-74594.html
Chơi Khô Máu,"23,000",Đồng I,161,222,https://taikhoanrac.com//tai-khoan-74596.html
toanlop19,"18,000",Đồng I,153,125,https://taikhoanrac.com//tai-khoan-74591.html
tôi là dương 123,"18,000",Đồng I,151,173,https://taikhoanrac.com//tai-khoan-74578.html
Cũng Kinh Đấy,"23,000",Đồng I,134,216,https://taikhoanrac.com//tai-khoan-74574.html
BéGấuPanda,"18,000",Đồng I,144,161,https://taikhoanrac.com//tai-khoan-74570.html
NooGB,"23,000",Đồng I,161,205,https://taikhoanrac.com//tai-khoan-74571.html
phu_coo1,"20,000",Chưa Rank,161,115,https://taikhoanrac.com//tai-khoan-74534.html
Nợn Xữa Hi Hi,"20,000",Chưa Rank,161,118,https://taikhoanrac.com//tai-khoan-74535.html
SĐS.Hiếu.EA,"20,000",Chưa Rank,161,137,https://taikhoanrac.com//tai-khoan-74530.html
ˆ Šu CINEMA ˆ,"20,000",Chưa Rank,161,112,https://taikhoanrac.com//tai-khoan-74531.html
Šai,"20,000",Chưa Rank,161,187,https://taikhoanrac.com//tai-khoan-74523.html
Spiner000,"20,000",Chưa Rank,161,167,https://taikhoanrac.com//tai-khoan-74524.html
CrisLion,"20,000",Chưa Rank,161,160,https://taikhoanrac.com//tai-khoan-74525.html
FreeTEMPO,"20,000",Chưa Rank,161,171,https://taikhoanrac.com//tai-khoan-74527.html
Đi Tim Niem Vui,"20,000",Chưa Rank,161,180,https://taikhoanrac.com//tai-khoan-74519.html
YaourtHầmMayone,"20,000",Chưa Rank,161,187,https://taikhoanrac.com//tai-khoan-74521.html
Mỳ Gạo,"20,000",Chưa Rank,161,159,https://taikhoanrac.com//tai-khoan-74522.html
ThankSëGäy,"20,000",Chưa Rank,161,192,https://taikhoanrac.com//tai-khoan-74515.html
jackiechan21,"20,000",Chưa Rank,160,173,https://taikhoanrac.com//tai-khoan-74469.html
Çhristopher,"20,000",Chưa Rank,159,118,https://taikhoanrac.com//tai-khoan-74462.html
Vn_ŠP6..ÑéT_LCÐ,"20,000",Chưa Rank,158,119,https://taikhoanrac.com//tai-khoan-74455.html
Tàiiii,"20,000",Chưa Rank,159,166,https://taikhoanrac.com//tai-khoan-74457.html
xxXinemĐừngxx,"20,000",Chưa Rank,158,144,https://taikhoanrac.com//tai-khoan-74451.html
NKB Melville,"20,000",Chưa Rank,158,177,https://taikhoanrac.com//tai-khoan-74452.html
H.S.Chuoi,"20,000",Chưa Rank,158,106,https://taikhoanrac.com//tai-khoan-74453.html
AmS Hentai,"20,000",Chưa Rank,156,125,https://taikhoanrac.com//tai-khoan-74446.html
TaoHấpMàyXD,"20,000",Chưa Rank,157,174,https://taikhoanrac.com//tai-khoan-74447.html
29S6 BốKuKhoai,"20,000",Chưa Rank,158,157,https://taikhoanrac.com//tai-khoan-74448.html
MTKH,"20,000",Chưa Rank,158,161,https://taikhoanrac.com//tai-khoan-74449.html
pro_dangcap98,"20,000",Chưa Rank,158,136,https://taikhoanrac.com//tai-khoan-74450.html
Devil Šøul,"20,000",Chưa Rank,155,105,https://taikhoanrac.com//tai-khoan-74442.html
Thua tại roll,"20,000",Chưa Rank,157,140,https://taikhoanrac.com//tai-khoan-74445.html
LongLeafy,"20,000",Chưa Rank,156,157,https://taikhoanrac.com//tai-khoan-74441.html
NP2.VKiny,"20,000",Chưa Rank,155,139,https://taikhoanrac.com//tai-khoan-74436.html
Final BoSS TH,"20,000",Chưa Rank,153,118,https://taikhoanrac.com//tai-khoan-74429.html
_Live.is.eviL_,"20,000",Chưa Rank,154,137,https://taikhoanrac.com//tai-khoan-74430.html
Ambulance,"20,000",Chưa Rank,154,112,https://taikhoanrac.com//tai-khoan-74431.html
Trang Hảo Hán,"20,000",Chưa Rank,154,190,https://taikhoanrac.com//tai-khoan-74433.html
sphung009,"20,000",Chưa Rank,154,109,https://taikhoanrac.com//tai-khoan-74434.html
Pässëngër,"20,000",Chưa Rank,151,132,https://taikhoanrac.com//tai-khoan-74424.html
ž Høä Vô Khuyết,"20,000",Chưa Rank,154,127,https://taikhoanrac.com//tai-khoan-74425.html
Brønzë,"20,000",Chưa Rank,150,172,https://taikhoanrac.com//tai-khoan-74426.html
StartTheGalaxyZ4,"20,000",Chưa Rank,151,187,https://taikhoanrac.com//tai-khoan-74427.html
KingSTqng,"20,000",Chưa Rank,152,118,https://taikhoanrac.com//tai-khoan-74428.html
JouninS,"20,000",Chưa Rank,149,148,https://taikhoanrac.com//tai-khoan-74420.html
SExY.LaDy.Ars,"20,000",Chưa Rank,147,109,https://taikhoanrac.com//tai-khoan-74415.html
MrPhuc93,"20,000",Chưa Rank,147,112,https://taikhoanrac.com//tai-khoan-74416.html
SJK.PHONG,"20,000",Chưa Rank,149,144,https://taikhoanrac.com//tai-khoan-74417.html
Evil in Paradise,"20,000",Chưa Rank,148,169,https://taikhoanrac.com//tai-khoan-74410.html
gk tia sam,"16,000",Chưa Rank,145,93,https://taikhoanrac.com//tai-khoan-74412.html
UnclEight,"20,000",Chưa Rank,143,175,https://taikhoanrac.com//tai-khoan-74414.html
OMG..FeLix..o,"20,000",Chưa Rank,140,154,https://taikhoanrac.com//tai-khoan-74407.html
tamkendylove,"20,000",Chưa Rank,142,137,https://taikhoanrac.com//tai-khoan-74409.html
DH Trấn Thành,"20,000",Chưa Rank,139,139,https://taikhoanrac.com//tai-khoan-74403.html
PCT Hinhdzaiii,"20,000",Chưa Rank,139,112,https://taikhoanrac.com//tai-khoan-74404.html
AFK.JeSus69,"20,000",Chưa Rank,143,176,https://taikhoanrac.com//tai-khoan-74405.html
kxoahet,"20,000",Chưa Rank,140,105,https://taikhoanrac.com//tai-khoan-74399.html
Hanonver_96,"16,000",Chưa Rank,139,72,https://taikhoanrac.com//tai-khoan-74400.html
BOS Phiêu Du,"20,000",Chưa Rank,137,126,https://taikhoanrac.com//tai-khoan-74401.html
phat hentai,"20,000",Chưa Rank,132,124,https://taikhoanrac.com//tai-khoan-74392.html
heroamin,"16,000",Chưa Rank,132,67,https://taikhoanrac.com//tai-khoan-74393.html
WESTERN,"20,000",Chưa Rank,134,191,https://taikhoanrac.com//tai-khoan-74394.html
Bápa,"20,000",Chưa Rank,139,127,https://taikhoanrac.com//tai-khoan-74395.html
ShadowDriver,"16,000",Chưa Rank,137,88,https://taikhoanrac.com//tai-khoan-74397.html
Tú Sát Thủ ACE,"21,000",Bạc IV,161,147,https://taikhoanrac.com//tai-khoan-74289.html
XuyênThấuTymEm,"21,000",Bạc IV,161,135,https://taikhoanrac.com//tai-khoan-74294.html
harrypote,"21,000",Bạc IV,161,174,https://taikhoanrac.com//tai-khoan-74283.html
LonelyWolfAa,"21,000",Bạc IV,161,181,https://taikhoanrac.com//tai-khoan-74278.html
TimberlovE,"21,000",Bạc IV,160,105,https://taikhoanrac.com//tai-khoan-74270.html
JiaxTiMeL0rD,"21,000",Bạc IV,154,185,https://taikhoanrac.com//tai-khoan-74271.html
Spin Đẹp Zai,"21,000",Bạc IV,145,119,https://taikhoanrac.com//tai-khoan-74266.html
CườngBạo_Vip,"17,000",Bạc IV,136,64,https://taikhoanrac.com//tai-khoan-74262.html
ĐQTL Kim,"21,000",Bạc IV,156,133,https://taikhoanrac.com//tai-khoan-74264.html
LoS Kris,"21,000",Bạc IV,156,177,https://taikhoanrac.com//tai-khoan-74257.html
Bố Là HKT 1,"21,000",Bạc IV,153,141,https://taikhoanrac.com//tai-khoan-74260.html
Hổng Pé ơiiii,"21,000",Bạc IV,150,154,https://taikhoanrac.com//tai-khoan-74253.html
congkyn,"17,000",Bạc IV,144,88,https://taikhoanrac.com//tai-khoan-74254.html
Gao Šummer Łove,"21,000",Bạc IV,145,148,https://taikhoanrac.com//tai-khoan-74256.html
Yêu Trang Toán,"21,000",Bạc IV,148,130,https://taikhoanrac.com//tai-khoan-74246.html
Anh_bjn_sun,"21,000",Bạc III,161,106,https://taikhoanrac.com//tai-khoan-74248.html
hayiyu,"21,000",Bạc IV,135,155,https://taikhoanrac.com//tai-khoan-74250.html
thanhzin270294,"17,000",Bạc IV,155,90,https://taikhoanrac.com//tai-khoan-74251.html
107 KingOfGods,"21,000",Bạc IV,142,169,https://taikhoanrac.com//tai-khoan-74243.html
Shou Taa,"21,000",Bạc III,161,190,https://taikhoanrac.com//tai-khoan-74245.html
phAntom151995,"21,000",Bạc III,161,124,https://taikhoanrac.com//tai-khoan-74235.html
tHallows,"21,000",Bạc III,161,162,https://taikhoanrac.com//tai-khoan-74232.html
Cua Biểnn,"21,000",Bạc III,161,179,https://taikhoanrac.com//tai-khoan-74224.html
ßẻö ßẻö,"21,000",Bạc III,157,151,https://taikhoanrac.com//tai-khoan-74225.html
SSA Forest,"21,000",Bạc III,161,171,https://taikhoanrac.com//tai-khoan-74221.html
Devil..Peo..A4,"17,000",Bạc III,136,64,https://taikhoanrac.com//tai-khoan-74215.html
StarWar HAN SOLO,"21,000",Bạc III,154,128,https://taikhoanrac.com//tai-khoan-74210.html
sgA Pyn,"21,000",Bạc III,152,113,https://taikhoanrac.com//tai-khoan-74206.html
Hí Duy Duy,"21,000",Bạc III,144,111,https://taikhoanrac.com//tai-khoan-74207.html
IvIr.Kien,"21,000",Bạc III,160,104,https://taikhoanrac.com//tai-khoan-74208.html
032asdaq0,"21,000",Bạc III,142,121,https://taikhoanrac.com//tai-khoan-74202.html
chunghhhhhhh,"17,000",Bạc III,146,94,https://taikhoanrac.com//tai-khoan-74197.html
ThanhThuỷDũng,"21,000",Bạc III,140,138,https://taikhoanrac.com//tai-khoan-74198.html
Majin Broly,"21,000",Bạc III,133,140,https://taikhoanrac.com//tai-khoan-74199.html
Bụt xà cân,"21,000",Bạc III,131,159,https://taikhoanrac.com//tai-khoan-74192.html
uugggu,"17,000",Bạc III,141,98,https://taikhoanrac.com//tai-khoan-74194.html
Bún Riêu Cua CT,"21,000",Bạc II,161,182,https://taikhoanrac.com//tai-khoan-74196.html
ŠÎŽ Ÿà,"21,000",Bạc II,161,158,https://taikhoanrac.com//tai-khoan-74186.html
INY Arthur,"21,000",Bạc III,131,135,https://taikhoanrac.com//tai-khoan-74189.html
VN.KẹoSữa,"21,000",Bạc II,161,182,https://taikhoanrac.com//tai-khoan-74181.html
Đâm Bằng Chết,"21,000",Bạc II,161,176,https://taikhoanrac.com//tai-khoan-74176.html
BitW.DarkNess,"21,000",Bạc II,161,168,https://taikhoanrac.com//tai-khoan-74172.html
tieucodong,"21,000",Bạc II,161,183,https://taikhoanrac.com//tai-khoan-74174.html
BLACK 69 WHITE,"21,000",Bạc II,161,184,https://taikhoanrac.com//tai-khoan-74169.html
Su Hào Gáy To,"21,000",Bạc II,159,168,https://taikhoanrac.com//tai-khoan-74159.html
Giang Hồ Cứng,"21,000",Bạc II,152,182,https://taikhoanrac.com//tai-khoan-74155.html
leesin rank bac,"21,000",Bạc II,136,134,https://taikhoanrac.com//tai-khoan-74151.html
Kinqq MSonn,"21,000",Bạc II,160,125,https://taikhoanrac.com//tai-khoan-74152.html
ˆOnë Shotˆ,"21,000",Bạc II,157,124,https://taikhoanrac.com//tai-khoan-74148.html
Katoo Panda,"21,000",Bạc II,149,123,https://taikhoanrac.com//tai-khoan-74144.html
vanhoa74,"21,000",Bạc II,159,119,https://taikhoanrac.com//tai-khoan-74145.html
Mario Obamar,"21,000",Bạc II,156,148,https://taikhoanrac.com//tai-khoan-74137.html
pro.leuxh,"21,000",Bạc I,161,105,https://taikhoanrac.com//tai-khoan-74138.html
šOver Nightš,"21,000",Bạc II,152,144,https://taikhoanrac.com//tai-khoan-74140.html
xinđừngchơi e,"21,000",Bạc II,156,125,https://taikhoanrac.com//tai-khoan-74141.html
Fawker,"21,000",Bạc II,159,100,https://taikhoanrac.com//tai-khoan-74142.html
eotenthao,"15,000",Bạc II,141,42,https://taikhoanrac.com//tai-khoan-74134.html
tu0jl0z001,"21,000",Bạc II,147,106,https://taikhoanrac.com//tai-khoan-74131.html
4nh_Fu6ker,"21,000",Bạc I,161,173,https://taikhoanrac.com//tai-khoan-74125.html
RöyaL.Jërry,"21,000",Bạc I,161,190,https://taikhoanrac.com//tai-khoan-74117.html
VIE YOUNG DC,"21,000",Bạc I,156,177,https://taikhoanrac.com//tai-khoan-74111.html
dyri an ot,"21,000",Bạc I,161,173,https://taikhoanrac.com//tai-khoan-74112.html
BumTiny,"17,000",Bạc I,145,93,https://taikhoanrac.com//tai-khoan-74114.html
kataanhyeuem,"21,000",Bạc I,154,174,https://taikhoanrac.com//tai-khoan-74107.html
shjchjbukai,"21,000",Bạc I,153,167,https://taikhoanrac.com//tai-khoan-74106.html
Thę Trµth Untold,"21,000",Bạc I,157,173,https://taikhoanrac.com//tai-khoan-74101.html
TT.gh0st_Legend,"21,000",Bạc I,153,139,https://taikhoanrac.com//tai-khoan-74099.html
Than_Thoai_FC1,"21,000",Bạc I,136,161,https://taikhoanrac.com//tai-khoan-74094.html
cyoky,"28,000",Bạch Kim IV,161,85,https://taikhoanrac.com//tai-khoan-74087.html
TSL KhánhCaptain,"17,000",Bạc I,143,98,https://taikhoanrac.com//tai-khoan-74088.html
PicPaPon,"28,000",Bạch Kim IV,140,82,https://taikhoanrac.com//tai-khoan-74049.html
Virus.Kai,"28,000",Bạch Kim III,131,96,https://taikhoanrac.com//tai-khoan-74034.html
YaKiu,"28,000",Bạch Kim III,147,66,https://taikhoanrac.com//tai-khoan-74031.html
NedStars,"25,000",Vàng IV,161,123,https://taikhoanrac.com//tai-khoan-74019.html
xxx.ninani,"25,000",Vàng IV,161,167,https://taikhoanrac.com//tai-khoan-74015.html
Gần Là Cuốnnn,"25,000",Vàng IV,161,182,https://taikhoanrac.com//tai-khoan-74009.html
GA Brixton,"25,000",Vàng IV,161,126,https://taikhoanrac.com//tai-khoan-74004.html
Silv HP,"25,000",Vàng IV,161,123,https://taikhoanrac.com//tai-khoan-74006.html
Thu Tống,"25,000",Vàng IV,161,148,https://taikhoanrac.com//tai-khoan-73998.html
2 phút 5 phát,"25,000",Vàng IV,161,168,https://taikhoanrac.com//tai-khoan-73999.html
TuanAdam9596,"20,000",Chưa Rank,149,122,https://taikhoanrac.com//tai-khoan-74000.html
TrườngxKid,"25,000",Vàng IV,161,158,https://taikhoanrac.com//tai-khoan-74001.html
tientranngochhhh,"25,000",Vàng IV,161,113,https://taikhoanrac.com//tai-khoan-74002.html
Bezos Phố Wall,"25,000",Vàng IV,161,173,https://taikhoanrac.com//tai-khoan-73993.html
NHT Zytis nè,"25,000",Vàng IV,161,183,https://taikhoanrac.com//tai-khoan-73994.html
dragonherovip,"25,000",Vàng IV,161,174,https://taikhoanrac.com//tai-khoan-73996.html
sieu_feed100,"25,000",Vàng IV,161,194,https://taikhoanrac.com//tai-khoan-73988.html
LOL.Šhjno,"25,000",Vàng IV,161,195,https://taikhoanrac.com//tai-khoan-73991.html
Tu Liver JnT 94,"25,000",Vàng IV,161,136,https://taikhoanrac.com//tai-khoan-73992.html
rotbotkung_ku,"25,000",Vàng IV,161,173,https://taikhoanrac.com//tai-khoan-73987.html
khoicawa,"25,000",Vàng IV,161,186,https://taikhoanrac.com//tai-khoan-73984.html
ŠởLưuHương,"25,000",Vàng IV,156,131,https://taikhoanrac.com//tai-khoan-73948.html
Nam Đế Vương,"25,000",Vàng IV,153,194,https://taikhoanrac.com//tai-khoan-73944.html
AOG.evillll.09,"25,000",Vàng IV,157,106,https://taikhoanrac.com//tai-khoan-73942.html
SE Hanbook,"25,000",Vàng IV,155,150,https://taikhoanrac.com//tai-khoan-73939.html
ănMấy,"25,000",Vàng IV,153,169,https://taikhoanrac.com//tai-khoan-73940.html
thinhta99,"25,000",Vàng IV,152,176,https://taikhoanrac.com//tai-khoan-73934.html
hieungoc2001,"25,000",Vàng IV,155,163,https://taikhoanrac.com//tai-khoan-73932.html
Mr Hutaz,"25,000",Vàng IV,137,145,https://taikhoanrac.com//tai-khoan-73933.html
Thành x8 2005,"25,000",Vàng IV,137,143,https://taikhoanrac.com//tai-khoan-73923.html
DoubleTxHY,"25,000",Vàng IV,145,102,https://taikhoanrac.com//tai-khoan-73926.html
Cá Vơ Vét Kun,"25,000",Vàng IV,134,162,https://taikhoanrac.com//tai-khoan-73918.html
Shenrinkawai,"25,000",Vàng IV,138,101,https://taikhoanrac.com//tai-khoan-73922.html
Arashi KaiO,"25,000",Vàng IV,141,103,https://taikhoanrac.com//tai-khoan-73915.html
Bốmày2812,"25,000",Vàng IV,136,149,https://taikhoanrac.com//tai-khoan-73917.html
Ngáo Xuyên Việt,"25,000",Vàng IV,135,156,https://taikhoanrac.com//tai-khoan-73910.html
Remi.Martin01,"25,000",Vàng III,161,172,https://taikhoanrac.com//tai-khoan-73912.html
ÆÇÇ ŠÞ,"25,000",Vàng III,161,140,https://taikhoanrac.com//tai-khoan-73894.html
pham binh hoa,"25,000",Vàng III,161,168,https://taikhoanrac.com//tai-khoan-73897.html
DSQ Tôn Sách,"25,000",Vàng III,161,192,https://taikhoanrac.com//tai-khoan-73892.html
BlackWhiteKnight,"25,000",Vàng III,159,168,https://taikhoanrac.com//tai-khoan-73882.html
KABOOM PENTAKILL,"25,000",Vàng III,160,179,https://taikhoanrac.com//tai-khoan-73870.html
TBG.Duc,"25,000",Vàng III,157,110,https://taikhoanrac.com//tai-khoan-73871.html
XT4 TPĐN Faker,"25,000",Vàng II,161,109,https://taikhoanrac.com//tai-khoan-73864.html
jordan1low,"21,000",Vàng III,142,89,https://taikhoanrac.com//tai-khoan-73866.html
PT HoangPhuc,"25,000",Vàng III,155,181,https://taikhoanrac.com//tai-khoan-73867.html
Never Give Uup,"21,000",Vàng III,139,75,https://taikhoanrac.com//tai-khoan-73868.html
Câµ QUâñ,"21,000",Vàng III,133,88,https://taikhoanrac.com//tai-khoan-73858.html
Eríç,"25,000",Vàng III,133,188,https://taikhoanrac.com//tai-khoan-73861.html
gjangcojls001,"21,000",Vàng II,161,84,https://taikhoanrac.com//tai-khoan-73852.html
IMT Thanatos,"25,000",Vàng II,161,162,https://taikhoanrac.com//tai-khoan-73856.html
Thỏ Nâu 82kg,"25,000",Vàng II,161,172,https://taikhoanrac.com//tai-khoan-73847.html
Çhim Šư Đệ,"25,000",Vàng II,161,168,https://taikhoanrac.com//tai-khoan-73846.html
DarkS0uls,"25,000",Vàng II,160,182,https://taikhoanrac.com//tai-khoan-73831.html
conthoden,"25,000",Vàng II,160,117,https://taikhoanrac.com//tai-khoan-73832.html
SWAT. JeDi,"25,000",Vàng II,157,105,https://taikhoanrac.com//tai-khoan-73835.html
Ÿuuji,"25,000",Vàng I,161,195,https://taikhoanrac.com//tai-khoan-73825.html
KayHaNoi1997,"25,000",Vàng II,144,151,https://taikhoanrac.com//tai-khoan-73827.html
KOO Hải,"25,000",Vàng II,157,190,https://taikhoanrac.com//tai-khoan-73829.html
BKA Nôbita,"25,000",Vàng I,161,178,https://taikhoanrac.com//tai-khoan-73816.html
Mạnh Trần ETC,"25,000",Vàng I,161,125,https://taikhoanrac.com//tai-khoan-73818.html
Killer.TungChoat,"21,000",Vàng I,156,99,https://taikhoanrac.com//tai-khoan-73813.html
8 6 96,"25,000",Vàng I,145,194,https://taikhoanrac.com//tai-khoan-73809.html
Nghĩa Ko Mù,"25,000",Vàng I,156,195,https://taikhoanrac.com//tai-khoan-73810.html
haitacnuvuong,"25,000",Vàng I,145,113,https://taikhoanrac.com//tai-khoan-73802.html
phamkhanhtung,"25,000",Vàng I,148,144,https://taikhoanrac.com//tai-khoan-73804.html
XT4 TPĐN Dopa,"21,000",Vàng I,151,64,https://taikhoanrac.com//tai-khoan-73805.html
Lee Ji EunnIU,"20,000",Đồng II,161,184,https://taikhoanrac.com//tai-khoan-73758.html
vip_lao_leu9x,"20,000",Đồng II,154,140,https://taikhoanrac.com//tai-khoan-73743.html
Sunny66,"20,000",Đồng II,149,186,https://taikhoanrac.com//tai-khoan-73746.html
YG Quân Rin,"20,000",Đồng II,135,116,https://taikhoanrac.com//tai-khoan-73737.html
ban_wa_ga,"20,000",Đồng II,145,126,https://taikhoanrac.com//tai-khoan-73738.html
Tka Looz,"20,000",Đồng II,144,151,https://taikhoanrac.com//tai-khoan-73741.html
Gisy.Mập,"20,000",Đồng I,161,170,https://taikhoanrac.com//tai-khoan-73720.html
Tiên Ông Đi Bar,"20,000",Đồng I,161,179,https://taikhoanrac.com//tai-khoan-73715.html
HN.Hưng_Còi..FA,"20,000",Đồng I,161,159,https://taikhoanrac.com//tai-khoan-73716.html
o0o_Hội Fa_o0o,"20,000",Đồng I,161,174,https://taikhoanrac.com//tai-khoan-73718.html
leotoptersyx,"20,000",Đồng I,161,184,https://taikhoanrac.com//tai-khoan-73719.html
ÖsiµmLoveThŸ,"20,000",Đồng I,161,195,https://taikhoanrac.com//tai-khoan-73712.html
HoàngCần19,"20,000",Đồng I,153,144,https://taikhoanrac.com//tai-khoan-73707.html
avatatosucha,"20,000",Đồng I,140,102,https://taikhoanrac.com//tai-khoan-73708.html
BaoKull S30,"20,000",Đồng I,137,146,https://taikhoanrac.com//tai-khoan-73705.html
Nguyễn Sơn 2k,"23,000",Bạc III,133,112,https://taikhoanrac.com//tai-khoan-73689.html
xhocboy1000,"29,000",Vàng IV,161,102,https://taikhoanrac.com//tai-khoan-73686.html
Vô Đi E Ơi,"23,000",Đồng I,161,143,https://taikhoanrac.com//tai-khoan-73681.html
Lđ Funky Money,"29,000",Vàng II,143,170,https://taikhoanrac.com//tai-khoan-73677.html
lieona,"23,000",Bạc III,148,118,https://taikhoanrac.com//tai-khoan-73674.html
zinpopinhd,"29,000",Vàng III,161,109,https://taikhoanrac.com//tai-khoan-73671.html
Mikeeee,"29,000",Vàng II,159,115,https://taikhoanrac.com//tai-khoan-73672.html
BN24ever,"23,000",Bạc IV,161,193,https://taikhoanrac.com//tai-khoan-73654.html
Tuyền Anh,"23,000",Đồng I,161,169,https://taikhoanrac.com//tai-khoan-73657.html
zPhuongTheNgoczz,"29,000",Vàng IV,160,153,https://taikhoanrac.com//tai-khoan-73649.html
quang_tú_TanHong,"24,000",Vàng II,149,99,https://taikhoanrac.com//tai-khoan-73652.html
USPP.Tiểu Bói,"23,000",Bạc II,159,141,https://taikhoanrac.com//tai-khoan-73643.html
LumticsQNhu UwU,"29,000",Vàng III,160,185,https://taikhoanrac.com//tai-khoan-73644.html
son.vip.6789,"29,000",Vàng I,161,111,https://taikhoanrac.com//tai-khoan-73645.html
Dân FA Như Tao,"22,000",Chưa Rank,132,183,https://taikhoanrac.com//tai-khoan-73641.html
Ling Lấp Lánh,"22,000",Chưa Rank,157,163,https://taikhoanrac.com//tai-khoan-73633.html
virokg123,"23,000",Bạc II,155,178,https://taikhoanrac.com//tai-khoan-73632.html
BGSˆˆÑụˆˆ,"24,000",Vàng IV,137,94,https://taikhoanrac.com//tai-khoan-73624.html
7 18 16 10,"22,000",Chưa Rank,161,170,https://taikhoanrac.com//tai-khoan-73619.html
Pearlllll,"29,000",Vàng I,135,182,https://taikhoanrac.com//tai-khoan-73620.html
Exodia05,"23,000",Bạc IV,144,159,https://taikhoanrac.com//tai-khoan-73615.html
viptq113,"29,000",Vàng III,161,147,https://taikhoanrac.com//tai-khoan-73602.html
Tú Mike,"29,000",Vàng I,161,197,https://taikhoanrac.com//tai-khoan-73603.html
Thích Hác Bột,"29,000",Vàng III,140,148,https://taikhoanrac.com//tai-khoan-73584.html
Anh Chủ Tịch 012,"23,000",Bạc II,161,148,https://taikhoanrac.com//tai-khoan-73580.html
Boy Trẩu Tre,"22,000",Chưa Rank,137,164,https://taikhoanrac.com//tai-khoan-73572.html
SSSLZ111,"29,000",Vàng III,161,167,https://taikhoanrac.com//tai-khoan-73569.html
thanglieu21,"29,000",Vàng IV,161,186,https://taikhoanrac.com//tai-khoan-73561.html
Füçk ÿöü LMHT,"24,000",Vàng III,132,86,https://taikhoanrac.com//tai-khoan-73565.html
ku bi ku bu,"17,000",Chưa Rank,142,88,https://taikhoanrac.com//tai-khoan-73568.html
thuthao12345,"29,000",Vàng IV,155,144,https://taikhoanrac.com//tai-khoan-73549.html
Hai Tac Si Da,"23,000",Bạc I,147,153,https://taikhoanrac.com//tai-khoan-73545.html
3 Đời Tốp 8,"23,000",Bạc IV,161,137,https://taikhoanrac.com//tai-khoan-73542.html
Šống Nội Tâm,"29,000",Vàng IV,161,125,https://taikhoanrac.com//tai-khoan-73532.html
VSG Swithing,"29,000",Vàng IV,161,139,https://taikhoanrac.com//tai-khoan-73533.html
Jöker Ấn Độ,"22,000",Chưa Rank,161,174,https://taikhoanrac.com//tai-khoan-73530.html
anhnamvipxp,"29,000",Vàng IV,152,182,https://taikhoanrac.com//tai-khoan-73523.html
Ủa Gì Dạ Alô,"22,000",Chưa Rank,159,113,https://taikhoanrac.com//tai-khoan-73516.html
TeoCrazyQBVN,"23,000",Bạc I,161,188,https://taikhoanrac.com//tai-khoan-73513.html
CON cá Lợn,"23,000",Bạc IV,149,170,https://taikhoanrac.com//tai-khoan-73515.html
Master HÍP,"29,000",Vàng IV,161,190,https://taikhoanrac.com//tai-khoan-73510.html
tai4779,"29,000",Vàng IV,158,120,https://taikhoanrac.com//tai-khoan-73507.html
QuáNhọChoAnh03,"29,000",Vàng IV,161,191,https://taikhoanrac.com//tai-khoan-73501.html
notbadls.1,"18,000",Đồng I,150,75,https://taikhoanrac.com//tai-khoan-73495.html
KensBaC,"23,000",Bạc II,159,117,https://taikhoanrac.com//tai-khoan-73496.html
Duyanhganh,"23,000",Đồng I,139,115,https://taikhoanrac.com//tai-khoan-73482.html
Gấu Bonnie,"23,000",Bạc IV,161,116,https://taikhoanrac.com//tai-khoan-73483.html
HT Sun Wukong,"23,000",Bạc IV,149,105,https://taikhoanrac.com//tai-khoan-73477.html
Em Ơi Cíu Chị,"23,000",Bạc II,134,188,https://taikhoanrac.com//tai-khoan-73471.html
DUY93,"23,000",Bạc II,161,123,https://taikhoanrac.com//tai-khoan-73468.html
sangpu1234,"22,000",Chưa Rank,132,110,https://taikhoanrac.com//tai-khoan-73462.html
teo lem si tinh,"17,000",Chưa Rank,134,75,https://taikhoanrac.com//tai-khoan-73457.html
Montage Akali,"23,000",Bạc II,132,177,https://taikhoanrac.com//tai-khoan-73460.html
Thãng BÕ Ba..N,"29,000",Vàng IV,161,129,https://taikhoanrac.com//tai-khoan-73451.html
Quang_Nồ,"22,000",Chưa Rank,153,186,https://taikhoanrac.com//tai-khoan-73445.html
_AS_rain_s2,"23,000",Bạc II,161,183,https://taikhoanrac.com//tai-khoan-73440.html
iT7.Mosfly,"22,000",Chưa Rank,161,133,https://taikhoanrac.com//tai-khoan-73443.html
no_lov3_y0u,"24,000",Vàng III,134,91,https://taikhoanrac.com//tai-khoan-73435.html
iF u R Rias,"29,000",Vàng IV,150,199,https://taikhoanrac.com//tai-khoan-73430.html
ARS.Junnie,"29,000",Vàng III,161,129,https://taikhoanrac.com//tai-khoan-73424.html
Anh7 PaPoo 4 11,"29,000",Vàng IV,153,147,https://taikhoanrac.com//tai-khoan-73419.html
Vãi nồi ông thần,"23,000",Bạc II,149,159,https://taikhoanrac.com//tai-khoan-73422.html
Phú Canh Net,"23,000",Bạc III,142,126,https://taikhoanrac.com//tai-khoan-73413.html
Hs2T4,"23,000",Bạc IV,161,155,https://taikhoanrac.com//tai-khoan-73414.html
Tên L0L Gì,"29,000",Vàng IV,146,125,https://taikhoanrac.com//tai-khoan-73416.html
coll_henry,"22,000",Chưa Rank,144,189,https://taikhoanrac.com//tai-khoan-73408.html
ovhau456,"23,000",Bạc IV,161,159,https://taikhoanrac.com//tai-khoan-73409.html
WAD Šatyr,"29,000",Vàng II,161,183,https://taikhoanrac.com//tai-khoan-73401.html
GAG.Soul,"22,000",Chưa Rank,143,171,https://taikhoanrac.com//tai-khoan-73404.html
hất tung đii zed,"23,000",Bạc III,158,188,https://taikhoanrac.com//tai-khoan-73396.html
Trương Tân Tỵ,"29,000",Vàng II,154,187,https://taikhoanrac.com//tai-khoan-73391.html
A Qoắn,"29,000",Vàng IV,161,151,https://taikhoanrac.com//tai-khoan-73389.html
nartsu1111111111,"22,000",Chưa Rank,147,186,https://taikhoanrac.com//tai-khoan-73379.html
LlCR7Ll,"29,000",Vàng I,143,158,https://taikhoanrac.com//tai-khoan-73380.html
KẻPhảnBội12,"22,000",Chưa Rank,156,137,https://taikhoanrac.com//tai-khoan-73383.html
HYB.Virgin,"22,000",Chưa Rank,155,153,https://taikhoanrac.com//tai-khoan-73370.html
Nam.s2 hero,"22,000",Chưa Rank,157,166,https://taikhoanrac.com//tai-khoan-73371.html
Cụ Tổ Hyperoll,"23,000",Bạc II,161,151,https://taikhoanrac.com//tai-khoan-73373.html
Đố Ai Bắt Đc Em,"22,000",Chưa Rank,134,100,https://taikhoanrac.com//tai-khoan-73364.html
Hii im Quothying,"23,000",Bạc I,140,169,https://taikhoanrac.com//tai-khoan-73365.html
ƒ ßấtCâñ ƒ,"22,000",Chưa Rank,132,174,https://taikhoanrac.com//tai-khoan-73361.html
Nam trym tO,"23,000",Bạc II,159,190,https://taikhoanrac.com//tai-khoan-73353.html
haghgdh4122,"22,000",Chưa Rank,161,196,https://taikhoanrac.com//tai-khoan-73354.html
Rito Is Dead,"23,000",Đồng II,161,176,https://taikhoanrac.com//tai-khoan-73343.html
MaZươngTớiChơi,"24,000",Vàng I,159,81,https://taikhoanrac.com//tai-khoan-73345.html
SunLight,"23,000",Bạc I,161,153,https://taikhoanrac.com//tai-khoan-73347.html
Soyy,"29,000",Vàng III,158,159,https://taikhoanrac.com//tai-khoan-73342.html
BestCusin,"23,000",Bạc IV,161,133,https://taikhoanrac.com//tai-khoan-73328.html
overP,"22,000",Chưa Rank,148,123,https://taikhoanrac.com//tai-khoan-73330.html
garethkhue,"18,000",Đồng II,146,82,https://taikhoanrac.com//tai-khoan-73317.html
anh manh bgtt,"29,000",Vàng III,133,142,https://taikhoanrac.com//tai-khoan-73307.html
S C A I R P,"23,000",Bạc IV,161,184,https://taikhoanrac.com//tai-khoan-73303.html
TN Quyêt koii,"29,000",Vàng IV,161,198,https://taikhoanrac.com//tai-khoan-73301.html
NWT Modd,"22,000",Chưa Rank,151,148,https://taikhoanrac.com//tai-khoan-73296.html
haruboy,"22,000",Chưa Rank,148,138,https://taikhoanrac.com//tai-khoan-73287.html
2u2.NhưVậyNhé,"22,000",Chưa Rank,161,165,https://taikhoanrac.com//tai-khoan-73285.html
hihi4551,"23,000",Đồng II,132,167,https://taikhoanrac.com//tai-khoan-73280.html
SBTC Noah,"29,000",Vàng IV,161,181,https://taikhoanrac.com//tai-khoan-73284.html
Shjne,"22,000",Chưa Rank,132,199,https://taikhoanrac.com//tai-khoan-73272.html
HFlame,"29,000",Vàng I,143,110,https://taikhoanrac.com//tai-khoan-73269.html
ŠÑ Dark GOD,"29,000",Vàng IV,138,173,https://taikhoanrac.com//tai-khoan-73265.html
lamphithien,"23,000",Bạc II,148,106,https://taikhoanrac.com//tai-khoan-73266.html
GRP LuKeeee,"23,000",Bạc I,161,131,https://taikhoanrac.com//tai-khoan-73255.html
ĂnHộPhát,"23,000",Bạc III,161,142,https://taikhoanrac.com//tai-khoan-73249.html
binhtop123,"23,000",Bạc I,161,157,https://taikhoanrac.com//tai-khoan-73235.html
QTV Khởi Dày ˆ,"23,000",Bạc IV,144,196,https://taikhoanrac.com//tai-khoan-73232.html
just Ng Tr,"18,000",Bạc IV,147,90,https://taikhoanrac.com//tai-khoan-73233.html
OF Kurayami,"23,000",Bạc I,153,149,https://taikhoanrac.com//tai-khoan-73226.html
Ng Hải Phong,"22,000",Chưa Rank,156,158,https://taikhoanrac.com//tai-khoan-73207.html
TOP 34 HaiDương,"22,000",Chưa Rank,157,140,https://taikhoanrac.com//tai-khoan-73210.html
Hades261,"29,000",Vàng IV,161,189,https://taikhoanrac.com//tai-khoan-73205.html
tran hiep pro tr,"23,000",Bạc IV,161,130,https://taikhoanrac.com//tai-khoan-73198.html
TNQK.bongdem,"24,000",Vàng IV,154,92,https://taikhoanrac.com//tai-khoan-73201.html
byond,"22,000",Chưa Rank,157,142,https://taikhoanrac.com//tai-khoan-73196.html
1HuyThăng1,"29,000",Vàng II,132,143,https://taikhoanrac.com//tai-khoan-73192.html
TrùmYi SKT,"22,000",Chưa Rank,148,181,https://taikhoanrac.com//tai-khoan-73184.html
hunter_roal,"23,000",Đồng II,141,115,https://taikhoanrac.com//tai-khoan-73185.html
Killer.cp,"24,000",Vàng III,161,85,https://taikhoanrac.com//tai-khoan-73178.html
Best topp,"29,000",Vàng II,148,186,https://taikhoanrac.com//tai-khoan-73182.html
Crush Tên Träng,"23,000",Bạc IV,134,126,https://taikhoanrac.com//tai-khoan-73170.html
chơi game thoi,"29,000",Vàng III,161,185,https://taikhoanrac.com//tai-khoan-73171.html
FC.HoiSinh,"29,000",Vàng IV,161,186,https://taikhoanrac.com//tai-khoan-73167.html
oliver Gidrou,"29,000",Vàng II,161,179,https://taikhoanrac.com//tai-khoan-73159.html
TSG Xuân Hòa,"22,000",Chưa Rank,153,140,https://taikhoanrac.com//tai-khoan-73149.html
FA.Gun,"29,000",Vàng III,160,135,https://taikhoanrac.com//tai-khoan-73131.html
Bùi Diễm My,"23,000",Bạc II,161,198,https://taikhoanrac.com//tai-khoan-73124.html
khongluibuoc1505,"22,000",Chưa Rank,146,151,https://taikhoanrac.com//tai-khoan-73119.html
SAj.DươngKT,"23,000",Bạc III,160,127,https://taikhoanrac.com//tai-khoan-73102.html
Method 123,"28,000",Bạc III,161,185,https://taikhoanrac.com//tai-khoan-73074.html
visao_009,"20,000",Chưa Rank,146,69,https://taikhoanrac.com//tai-khoan-73071.html
LoveBaBy1985,"20,000",Chưa Rank,143,65,https://taikhoanrac.com//tai-khoan-73063.html
ViTal.Kitti,"28,000",Bạc I,151,174,https://taikhoanrac.com//tai-khoan-73065.html
rgrgrgdrgdrgdrgd,"26,000",Đồng II,158,159,https://taikhoanrac.com//tai-khoan-73052.html
mtp_ton,"28,000",Bạc IV,161,112,https://taikhoanrac.com//tai-khoan-73043.html
hanh toi03,"25,000",Chưa Rank,139,161,https://taikhoanrac.com//tai-khoan-73039.html
BờkèFC.Tobibi,"25,000",Chưa Rank,149,133,https://taikhoanrac.com//tai-khoan-73035.html
ŠPro No InGameŠ,"28,000",Bạc IV,158,160,https://taikhoanrac.com//tai-khoan-73026.html
BG_Shinosuke,"27,000",Vàng II,161,88,https://taikhoanrac.com//tai-khoan-73030.html
a2vodoi1,"26,000",Đồng II,161,150,https://taikhoanrac.com//tai-khoan-73010.html
17th January,"28,000",Bạc IV,154,100,https://taikhoanrac.com//tai-khoan-72993.html
ßán ßánh ßao ˆ,"25,000",Chưa Rank,149,139,https://taikhoanrac.com//tai-khoan-72975.html
Fc.Xóm Chuối,"28,000",Bạc II,160,175,https://taikhoanrac.com//tai-khoan-72950.html
BFF...TuấnPhong,"25,000",Chưa Rank,159,102,https://taikhoanrac.com//tai-khoan-72949.html
kissromo,"25,000",Chưa Rank,140,132,https://taikhoanrac.com//tai-khoan-72938.html
SatanxperiaZ,"25,000",Chưa Rank,161,140,https://taikhoanrac.com//tai-khoan-72928.html
pandautlun123,"25,000",Chưa Rank,153,194,https://taikhoanrac.com//tai-khoan-72916.html
T 11 4 05,"28,000",Bạc IV,131,158,https://taikhoanrac.com//tai-khoan-72914.html
kocanbiet2033,"25,000",Chưa Rank,131,148,https://taikhoanrac.com//tai-khoan-72905.html
tymmm,"25,000",Chưa Rank,156,138,https://taikhoanrac.com//tai-khoan-72902.html
DTL_Autobot,"28,000",Bạc II,159,123,https://taikhoanrac.com//tai-khoan-72895.html
FC.TânAn.aHuy,"25,000",Chưa Rank,161,164,https://taikhoanrac.com//tai-khoan-72885.html
23 02 91 TM,"25,000",Chưa Rank,161,173,https://taikhoanrac.com//tai-khoan-72880.html
WY PhëThµöc,"25,000",Chưa Rank,133,143,https://taikhoanrac.com//tai-khoan-72874.html
MichaelSaaama,"25,000",Chưa Rank,144,177,https://taikhoanrac.com//tai-khoan-72842.html
a11_Mr_Bi.Dz,"28,000",Bạc I,161,124,https://taikhoanrac.com//tai-khoan-72843.html
manunited98,"28,000",Bạc I,154,193,https://taikhoanrac.com//tai-khoan-72836.html
Aki Chăn Mèo,"28,000",Bạc II,149,152,https://taikhoanrac.com//tai-khoan-72837.html
YhO.com.V,"28,000",Bạc III,143,122,https://taikhoanrac.com//tai-khoan-72824.html
zbấtcầnđời k,"28,000",Bạc I,135,111,https://taikhoanrac.com//tai-khoan-72825.html
Trump yassuo,"28,000",Bạc II,145,153,https://taikhoanrac.com//tai-khoan-72826.html
loikfcs365,"28,000",Bạc II,156,169,https://taikhoanrac.com//tai-khoan-72821.html
ConMèođi,"28,000",Bạc III,143,173,https://taikhoanrac.com//tai-khoan-72812.html
nhocvvvvkhoc,"28,000",Bạc I,148,139,https://taikhoanrac.com//tai-khoan-72814.html
NamStar,"23,000",Bạc II,131,69,https://taikhoanrac.com//tai-khoan-72815.html
NghiaLe235689,"28,000",Bạc I,135,175,https://taikhoanrac.com//tai-khoan-72809.html
NTT.Mystogan,"25,000",Chưa Rank,138,101,https://taikhoanrac.com//tai-khoan-72802.html
kupo0,"23,000",Bạc I,138,73,https://taikhoanrac.com//tai-khoan-72797.html
Gosu.TheKing,"28,000",Bạc III,161,133,https://taikhoanrac.com//tai-khoan-72799.html
Emon Eisuki,"28,000",Bạc II,141,166,https://taikhoanrac.com//tai-khoan-72791.html
IsLand Jinkey,"25,000",Chưa Rank,161,176,https://taikhoanrac.com//tai-khoan-72792.html
Kjng Rock,"25,000",Chưa Rank,144,157,https://taikhoanrac.com//tai-khoan-72793.html
BHN.Hl,"25,000",Chưa Rank,157,100,https://taikhoanrac.com//tai-khoan-72795.html
khoa02xoc2,"25,000",Chưa Rank,131,141,https://taikhoanrac.com//tai-khoan-72796.html
VIE AuntKe,"25,000",Chưa Rank,157,125,https://taikhoanrac.com//tai-khoan-72790.html
to ten j,"28,000",Bạc II,157,180,https://taikhoanrac.com//tai-khoan-72781.html
ChaĐẻCủaNiềmVui,"26,000",Đồng I,139,170,https://taikhoanrac.com//tai-khoan-72773.html
Tôn Quyền,"28,000",Bạc I,161,112,https://taikhoanrac.com//tai-khoan-72753.html
V Roses 17,"25,000",Chưa Rank,139,110,https://taikhoanrac.com//tai-khoan-72726.html
haovipdan14,"23,000",Bạc IV,147,62,https://taikhoanrac.com//tai-khoan-72727.html
kid11k,"26,000",Đồng I,161,178,https://taikhoanrac.com//tai-khoan-72720.html
AvG HaiNam122,"28,000",Bạc III,161,196,https://taikhoanrac.com//tai-khoan-72713.html
Thánh Lếu Lềuu,"28,000",Bạc II,159,178,https://taikhoanrac.com//tai-khoan-72689.html
showfåker,"25,000",Chưa Rank,141,150,https://taikhoanrac.com//tai-khoan-72664.html
dbien,"28,000",Bạc III,148,165,https://taikhoanrac.com//tai-khoan-72658.html
daicadatls,"28,000",Bạc IV,137,120,https://taikhoanrac.com//tai-khoan-72652.html
GIT Si Líp MàuĐỏ,"28,000",Bạc I,155,116,https://taikhoanrac.com//tai-khoan-72653.html
ĂnSỏiFunRaLửa,"25,000",Chưa Rank,161,110,https://taikhoanrac.com//tai-khoan-72648.html
QNg.Pékim.CĐQ,"28,000",Bạc IV,161,147,https://taikhoanrac.com//tai-khoan-72640.html
hau.bilius,"25,000",Chưa Rank,161,138,https://taikhoanrac.com//tai-khoan-72641.html
PhátXêRô,"27,000",Vàng III,141,99,https://taikhoanrac.com//tai-khoan-72642.html
K58 Xen9,"28,000",Bạc II,161,154,https://taikhoanrac.com//tai-khoan-72629.html
Cháu Bà Tàiˆˆ,"20,000",Chưa Rank,133,71,https://taikhoanrac.com//tai-khoan-72631.html
chucsukj,"28,000",Bạc III,157,172,https://taikhoanrac.com//tai-khoan-72622.html
PainJ,"28,000",Bạc IV,160,173,https://taikhoanrac.com//tai-khoan-72624.html
__Nes_00__,"28,000",Bạc IV,161,182,https://taikhoanrac.com//tai-khoan-72618.html
nhocpt98ˆˆ,"28,000",Bạc IV,141,103,https://taikhoanrac.com//tai-khoan-72595.html
Quả Tạ Của Te,"28,000",Bạc III,153,100,https://taikhoanrac.com//tai-khoan-72593.html
ánh đây,"28,000",Bạc IV,144,173,https://taikhoanrac.com//tai-khoan-72561.html
Tro11 max,"28,000",Bạc IV,161,174,https://taikhoanrac.com//tai-khoan-72566.html
QTV159,"28,000",Bạc III,161,144,https://taikhoanrac.com//tai-khoan-72536.html
Tình Đẹp ZZai,"28,000",Bạc II,143,125,https://taikhoanrac.com//tai-khoan-72537.html
LeChauSon,"28,000",Bạc III,161,137,https://taikhoanrac.com//tai-khoan-72528.html
cuchembaotac,"27,000",Vàng III,134,98,https://taikhoanrac.com//tai-khoan-72489.html
SGSpecial.Kyo,"25,000",Chưa Rank,161,135,https://taikhoanrac.com//tai-khoan-72471.html
GreatVampire1,"28,000",Bạc IV,161,140,https://taikhoanrac.com//tai-khoan-72468.html
Đinh Cao Dương,"28,000",Bạc II,143,178,https://taikhoanrac.com//tai-khoan-72431.html
vi.axe,"28,000",Bạc IV,161,101,https://taikhoanrac.com//tai-khoan-72430.html
Ku Đức InSét,"23,000",Bạc I,151,92,https://taikhoanrac.com//tai-khoan-72409.html
ko12453,"25,000",Chưa Rank,142,124,https://taikhoanrac.com//tai-khoan-72412.html
BiGFamily_CB,"27,000",Vàng I,133,76,https://taikhoanrac.com//tai-khoan-72393.html
nhoxbapngo,"27,000",Vàng IV,131,70,https://taikhoanrac.com//tai-khoan-72388.html
1 cậu chủ 94,"25,000",Chưa Rank,150,115,https://taikhoanrac.com//tai-khoan-72377.html
dragon_legend9x,"28,000",Bạc IV,161,176,https://taikhoanrac.com//tai-khoan-72359.html
toi la keu do,"28,000",Bạc III,161,125,https://taikhoanrac.com//tai-khoan-72348.html
NHIN KM MAY,"28,000",Bạc III,161,123,https://taikhoanrac.com//tai-khoan-72339.html
dqb2006,"28,000",Bạc IV,136,142,https://taikhoanrac.com//tai-khoan-72316.html
KMC.Teo,"20,000",Chưa Rank,149,85,https://taikhoanrac.com//tai-khoan-72276.html
adgcfesghrh,"28,000",Bạc I,161,146,https://taikhoanrac.com//tai-khoan-72271.html
Hoàng Kim Trung,"28,000",Bạc III,161,139,https://taikhoanrac.com//tai-khoan-72266.html
AJS.HeLyKen,"28,000",Bạc III,161,116,https://taikhoanrac.com//tai-khoan-72263.html
GOSU.Hột É,"25,000",Chưa Rank,149,112,https://taikhoanrac.com//tai-khoan-72244.html
dochodo,"25,000",Chưa Rank,148,102,https://taikhoanrac.com//tai-khoan-72245.html
15ngaykotam,"28,000",Bạc III,135,137,https://taikhoanrac.com//tai-khoan-72166.html
